{
    "striver": {
        "https://leetcode.com/problems/two-sum/": "Two Sum",
        "https://leetcode.com/problems/best-time-to-buy-and-sell-stock/": "Best Time To Buy And Sell Stock",
        "https://leetcode.com/problems/maximum-subarray/": "Maximum Subarray",
        "https://leetcode.com/problems/maximum-product-subarray/": "Maximum Product Subarray",
        "https://leetcode.com/problems/search-in-rotated-sorted-array/": "Search In Rotated Sorted Array",
        "https://leetcode.com/problems/3sum/": "3 sum",
        "https://leetcode.com/problems/coin-change/": "Coin Change",
        "https://leetcode.com/problems/longest-increasing-subsequence/": "Longest Increasing Subsequence",
        "https://leetcode.com/problems/longest-common-subsequence/": "Longest Common Subsequence",
        "https://leetcode.com/problems/word-break/": "Word Break",
        "https://leetcode.com/problems/unique-paths/": "Unique Paths",
        "https://leetcode.com/problems/clone-graph/": "Clone Graph",
        "https://leetcode.com/problems/course-schedule/": "Course Schedule",
        "https://leetcode.com/problems/number-of-islands/": "Number Of Islands",
        "https://leetcode.com/problems/longest-consecutive-sequence/": "Longest Consecutive Sequence",
        "https://leetcode.com/problems/merge-intervals/": "Merge Intervals",
        "https://leetcode.com/problems/reverse-linked-list/": "Reverse Linked List",
        "https://leetcode.com/problems/linked-list-cycle/": "Linked List Cycle",
        "https://leetcode.com/problems/merge-two-sorted-lists/": "Merge Two Sorted Lists",
        "https://leetcode.com/problems/remove-nth-node-from-end-of-list/": "Remove Nth Node From End Of List",
        "https://leetcode.com/problems/set-matrix-zeroes/": "Set Matrix Zeroes",
        "https://leetcode.com/problems/rotate-image/": "Rotate Image",
        "https://leetcode.com/problems/longest-substring-without-repeating-characters/": "Longest Substring Without Repeating Characters",
        "https://leetcode.com/problems/valid-anagram/": "Valid Anagram",
        "https://leetcode.com/problems/valid-parentheses/": "Valid Parentheses",
        "https://leetcode.com/problems/longest-palindromic-substring/": "Longest Palindromic Substring",
        "https://leetcode.com/problems/maximum-depth-of-binary-tree/": "Maximum Depth Of Binary Tree",
        "https://leetcode.com/problems/same-tree/": "Same Tree",
        "https://leetcode.com/problems/binary-tree-maximum-path-sum/": "Binary Tree Maximum Path Sum",
        "https://leetcode.com/problems/binary-tree-level-order-traversal/": "Binary Tree Level Order Traversal",
        "https://leetcode.com/problems/serialize-and-deserialize-binary-tree/": "Serialize And Deserialize Binary Tree",
        "https://leetcode.com/problems/construct-binary-tree-from-preorder-and-inorder-traversal/": "Construct Binary Tree From Preorder And Inorder Traversal",
        "https://leetcode.com/problems/validate-binary-search-tree/": "Validate Binary Search Tree",
        "https://leetcode.com/problems/kth-smallest-element-in-a-bst/": "Kth Smallest Element In A Bst",
        "https://leetcode.com/problems/lowest-common-ancestor-of-a-binary-search-tree/": "Lowest Common Ancestor Of A Binary Search Tree",
        "https://leetcode.com/problems/implement-trie-prefix-tree/": "Implement Trie Prefix Tree",
        "https://leetcode.com/problems/top-k-frequent-elements/": "Top K Frequent Elements",
        "https://leetcode.com/problems/find-median-from-data-stream/": "Find Median From Data Stream",
        "https://leetcode.com/problems/trapping-rain-water/": "Trapping Rain Water",
        "https://leetcode.com/problems/sliding-window-maximum/": "Sliding Window Maximum",
        "https://leetcode.com/problems/min-stack/": "Min Stack",
        "https://leetcode.com/problems/largest-rectangle-in-histogram/": "Largest Rectangle In Histogram",
        "https://leetcode.com/problems/search-a-2d-matrix/": "Search A 2d Matrix",
        "https://leetcode.com/problems/median-of-two-sorted-arrays/": "Median Of Two Sorted Arrays",
        "https://leetcode.com/problems/copy-list-with-random-pointer/": "Copy List With Random Pointer",
        "https://leetcode.com/problems/add-two-numbers/": "Add Two Numbers",
        "https://leetcode.com/problems/find-the-duplicate-number/": "Find The Duplicate Number",
        "https://leetcode.com/problems/lru-cache/": "Lru Cache",
        "https://leetcode.com/problems/reverse-nodes-in-k-group/": "Reverse Nodes In K Group",
        "https://leetcode.com/problems/diameter-of-binary-tree/": "Diameter Of Binary Tree",
        "https://leetcode.com/problems/balanced-binary-tree/": "Balanced Binary Tree",
        "https://leetcode.com/problems/kth-largest-element-in-a-stream/": "Kth Largest Element In A Stream",
        "https://leetcode.com/problems/kth-largest-element-in-an-array/": "Kth Largest Element In An Array",
        "https://leetcode.com/problems/combination-sum/": "Combination Sum",
        "https://leetcode.com/problems/permutations/": "Permutations",
        "https://leetcode.com/problems/subsets-ii/": "Subsets Ii",
        "https://leetcode.com/problems/combination-sum-ii/": "Combination Sum Ii",
        "https://leetcode.com/problems/palindrome-partitioning/": "Palindrome Partitioning",
        "https://leetcode.com/problems/n-queens/": "N Queens",
        "https://leetcode.com/problems/rotting-oranges/": "Rotting Oranges",
        "https://leetcode.com/problems/partition-equal-subset-sum/": "Partition Equal Subset Sum",
        "https://leetcode.com/problems/edit-distance/": "Edit Distance",
        "https://leetcode.com/problems/powx-n/": "Powx N",
        "https://leetcode.com/problems/pascals-triangle/": "Pascals Triangle",
        "https://leetcode.com/problems/next-permutation/": "Next Permutation",
        "https://leetcode.com/problems/sort-colors/": "Sort Colors",
        "https://leetcode.com/problems/merge-sorted-array/": "Merge Sorted Array",
        "https://www.interviewbit.com/problems/repeat-and-missing-number-array/": "Repeat and Missing Number Array",
        "https://www.codingninjas.com/codestudio/problems/count-inversions_615": "Count Inversions",
        "https://leetcode.com/problems/majority-element/": "Majority Element",
        "https://leetcode.com/problems/majority-element-ii/": "Majority Element Ii",
        "https://leetcode.com/problems/reverse-pairs/": "Reverse Pairs",
        "https://leetcode.com/problems/4sum/": "4sum",
        "https://practice.geeksforgeeks.org/problems/largest-subarray-with-0-sum/1": "Largest subarray with 0 sum",
        "https://www.interviewbit.com/problems/subarray-with-given-xor/": "Subarray with given XOR",
        "https://leetcode.com/problems/middle-of-the-linked-list/": "Middle Of The Linked List",
        "https://leetcode.com/problems/delete-node-in-a-linked-list/": "Delete Node In A Linked List",
        "https://leetcode.com/problems/intersection-of-two-linked-lists/": "Intersection Of Two Linked Lists",
        "https://leetcode.com/problems/palindrome-linked-list/": "Palindrome Linked List",
        "https://leetcode.com/problems/linked-list-cycle-ii/": "Linked List Cycle Ii",
        "https://practice.geeksforgeeks.org/problems/flattening-a-linked-list/1": "Flattening a Linked List",
        "https://leetcode.com/problems/rotate-list/description/": "Description",
        "https://leetcode.com/problems/remove-duplicates-from-sorted-array/": "Remove Duplicates From Sorted Array",
        "https://leetcode.com/problems/max-consecutive-ones/": "Max Consecutive Ones",
        "https://practice.geeksforgeeks.org/problems/n-meetings-in-one-room-1587115620/1": "N meetings in one room",
        "https://practice.geeksforgeeks.org/problems/minimum-platforms-1587115620/1#": "Minimum Platforms",
        "https://practice.geeksforgeeks.org/problems/job-sequencing-problem-1587115620/1#": "Job Sequencing Problem",
        "https://practice.geeksforgeeks.org/problems/fractional-knapsack-1587115620/1": "Fractional Knapsack",
        "https://www.geeksforgeeks.org/find-minimum-number-of-coins-that-make-a-change/": "Find minimum number of coins to make a given value",
        "https://practice.geeksforgeeks.org/problems/subset-sums2234/1": "Subset Sums",
        "https://leetcode.com/problems/permutation-sequence/": "Permutation Sequence",
        "https://leetcode.com/problems/sudoku-solver/": "Sudoku Solver",
        "https://practice.geeksforgeeks.org/problems/m-coloring-problem-1587115620/1#": "M-Coloring Problem",
        "https://practice.geeksforgeeks.org/problems/rat-in-a-maze-problem/1": "Rat In a Maze Problem - I",
        "https://leetcode.com/problems/single-element-in-a-sorted-array/": "Single Element In A Sorted Array",
        "https://practice.geeksforgeeks.org/problems/k-th-element-of-two-sorted-array1317/1": "K-th element of two Arrays",
        "https://www.interviewbit.com/problems/allocate-books/": "Allocate Books",
        "https://www.spoj.com/problems/AGGRCOW/": "AGGRCOW - Aggressive cows",
        "https://www.interviewbit.com/problems/maximum-sum-combinations/": "Maximum Sum Combinations",
        "https://www.codingninjas.com/codestudio/problems/merge-k-sorted-arrays_975379": "Merge K Sorted Arrays",
        "https://leetcode.com/problems/implement-stack-using-queues/": "Implement Stack Using Queues",
        "https://leetcode.com/problems/implement-queue-using-stacks/": "Implement Queue Using Stacks",
        "https://leetcode.com/problems/next-greater-element-i/": "Next Greater Element I",
        "https://www.interviewbit.com/problems/nearest-smaller-element/": "Nearest Smaller Element",
        "https://leetcode.com/problems/lfu-cache/": "Lfu Cache",
        "https://leetcode.com/problems/online-stock-span/": "Online Stock Span",
        "https://leetcode.com/accounts/login/?next=/problems/find-the-celebrity/": "Find The Celebrity",
        "https://leetcode.com/problems/reverse-words-in-a-string/": "Reverse Words In A String",
        "https://leetcode.com/problems/roman-to-integer/": "Roman To Integer",
        "https://leetcode.com/problems/string-to-integer-atoi/": "String To Integer Atoi",
        "https://leetcode.com/problems/longest-common-prefix/": "Longest Common Prefix",
        "https://leetcode.com/problems/repeated-string-match/discuss/416144/Rabin-Karp-algorithm-C%2B%2B-implementation": "Rabin Karp Algorithm C%2b%2b Implementation",
        "https://leetcode.com/problems/implement-strstr/": "Implement Strstr",
        "https://www.interviewbit.com/problems/minimum-characters-required-to-make-a-string-palindromic/": "Minimum Characters Required to Make a String Palindromic",
        "https://leetcode.com/problems/count-and-say/": "Count And Say",
        "https://leetcode.com/problems/compare-version-numbers/": "Compare Version Numbers",
        "https://leetcode.com/problems/binary-tree-inorder-traversal/": "Binary Tree Inorder Traversal",
        "https://leetcode.com/problems/binary-tree-preorder-traversal/": "Binary Tree Preorder Traversal",
        "https://leetcode.com/problems/binary-tree-postorder-traversal/": "Binary Tree Postorder Traversal",
        "https://practice.geeksforgeeks.org/problems/left-view-of-binary-tree/1": "Left View of Binary Tree",
        "https://practice.geeksforgeeks.org/problems/bottom-view-of-binary-tree/1": "Bottom View of Binary Tree",
        "https://practice.geeksforgeeks.org/problems/top-view-of-binary-tree/1": "Top View of Binary Tree",
        "https://leetcode.com/problems/vertical-order-traversal-of-a-binary-tree/": "Vertical Order Traversal Of A Binary Tree",
        "https://leetcode.com/problems/maximum-width-of-binary-tree/": "Maximum Width Of Binary Tree",
        "https://leetcode.com/problems/lowest-common-ancestor-of-a-binary-tree/": "Lowest Common Ancestor Of A Binary Tree",
        "https://leetcode.com/problems/binary-tree-zigzag-level-order-traversal/": "Binary Tree Zigzag Level Order Traversal",
        "https://leetcode.com/problems/boundary-of-binary-tree/": "Boundary Of Binary Tree",
        "https://leetcode.com/problems/construct-binary-tree-from-inorder-and-postorder-traversal/": "Construct Binary Tree From Inorder And Postorder Traversal",
        "https://leetcode.com/problems/symmetric-tree/": "Symmetric Tree",
        "https://leetcode.com/problems/flatten-binary-tree-to-linked-list/": "Flatten Binary Tree To Linked List",
        "https://practice.geeksforgeeks.org/problems/mirror-tree/1": "Mirror Tree",
        "https://leetcode.com/problems/populating-next-right-pointers-in-each-node/": "Populating Next Right Pointers In Each Node",
        "https://leetcode.com/problems/search-in-a-binary-search-tree/": "Search In A Binary Search Tree",
        "https://leetcode.com/problems/convert-sorted-array-to-binary-search-tree/": "Convert Sorted Array To Binary Search Tree",
        "https://leetcode.com/problems/construct-binary-search-tree-from-preorder-traversal/": "Construct Binary Search Tree From Preorder Traversal",
        "https://practice.geeksforgeeks.org/problems/predecessor-and-successor/1": "Predecessor and Successor",
        "https://www.codingninjas.com/codestudio/problems/floor-from-bst_920457": "Floor in BST",
        "https://www.codingninjas.com/codestudio/problems/ceil-from-bst_920464": "Ceil from BST",
        "https://practice.geeksforgeeks.org/problems/kth-largest-element-in-bst/1": "Kth Largest Element in BST",
        "https://leetcode.com/problems/two-sum-iv-input-is-a-bst/": "Two Sum Iv Input Is A Bst",
        "https://leetcode.com/problems/binary-search-tree-iterator/": "Binary Search Tree Iterator",
        "https://leetcode.com/problems/maximum-sum-bst-in-binary-tree/": "Maximum Sum Bst In Binary Tree",
        "https://www.interviewbit.com/problems/distinct-numbers-in-window/": "Distinct Numbers in Window",
        "https://leetcode.com/problems/flood-fill/": "Flood Fill",
        "https://practice.geeksforgeeks.org/problems/depth-first-traversal-for-a-graph/1": "DFS of Graph",
        "https://practice.geeksforgeeks.org/problems/bfs-traversal-of-graph/1": "BFS of Graph",
        "https://practice.geeksforgeeks.org/problems/topological-sort/1": "Topological Sort",
        "https://leetcode.com/problems/is-graph-bipartite/": "Is Graph Bipartite",
        "https://practice.geeksforgeeks.org/problems/implementing-dijkstra-set-1-adjacency-matrix/1": "Implementing Dijkstra Algorithm",
        "https://practice.geeksforgeeks.org/problems/distance-from-the-source-bellman-ford-algorithm/0/": "Distance from the Source (Bellman-Ford Algorithm)",
        "https://practice.geeksforgeeks.org/problems/implementing-floyd-warshall2042/1": "Implementing Floyd Warshal",
        "https://practice.geeksforgeeks.org/problems/minimum-spanning-tree/1": "Minimum Spanning Tree",
        "https://bit.ly/3FvHbMO": "0-1 Kanpsack",
        "https://practice.geeksforgeeks.org/problems/maximum-sum-increasing-subsequence4749/1": "Maximum sum increasing subsequence",
        "https://practice.geeksforgeeks.org/problems/matrix-chain-multiplication0303/1": "Matrix Chain Multiplication",
        "https://leetcode.com/problems/minimum-path-sum/": "Minimum Path Sum",
        "https://leetcode.com/problems/minimum-cost-to-cut-a-stick/": "Minimum Cost To Cut A Stick",
        "https://practice.geeksforgeeks.org/problems/egg-dropping-puzzle-1587115620/1": "Egg Dropping Puzzle",
        "https://practice.geeksforgeeks.org/problems/palindromic-patitioning4845/1": "Palindrome Partitioning",
        "https://practice.geeksforgeeks.org/problems/job-sequencing-problem-1587115620/1": "Job Sequencing Problem",
        "https://bit.ly/3qwT4OL": "Implement Trie ll",
        "https://bit.ly/3n3kedU": "Complete String",
        "https://bit.ly/3ocRQW0": "Count Distinct Substrings",
        "https://practice.geeksforgeeks.org/problems/power-set4302/1#": "Power Set",
        "https://leetcode.com/problems/maximum-xor-of-two-numbers-in-an-array/": "Maximum Xor Of Two Numbers In An Array",
        "https://leetcode.com/problems/maximum-xor-with-an-element-from-array/": "Maximum Xor With An Element From Array"
    },
    "neetcode": {
        "https://leetcode.com/problems/two-sum/": "Two Sum",
        "https://leetcode.com/problems/best-time-to-buy-and-sell-stock/": "Best Time To Buy And Sell Stock",
        "https://leetcode.com/problems/contains-duplicate/": "Contains Duplicate",
        "https://leetcode.com/problems/product-of-array-except-self/": "Product Of Array Except Self",
        "https://leetcode.com/problems/maximum-subarray/": "Maximum Subarray",
        "https://leetcode.com/problems/maximum-product-subarray/": "Maximum Product Subarray",
        "https://leetcode.com/problems/find-minimum-in-rotated-sorted-array/": "Find Minimum In Rotated Sorted Array",
        "https://leetcode.com/problems/search-in-rotated-sorted-array/": "Search In Rotated Sorted Array",
        "https://leetcode.com/problems/3sum/": "3 sum",
        "https://leetcode.com/problems/container-with-most-water/": "Container With Most Water",
        "https://leetcode.com/problems/sum-of-two-integers/": "Sum Of Two Integers",
        "https://leetcode.com/problems/number-of-1-bits/": "Number Of 1 Bits",
        "https://leetcode.com/problems/counting-bits/": "Counting Bits",
        "https://leetcode.com/problems/missing-number/": "Missing Number",
        "https://leetcode.com/problems/reverse-bits/": "Reverse Bits",
        "https://leetcode.com/problems/climbing-stairs/": "Climbing Stairs",
        "https://leetcode.com/problems/coin-change/": "Coin Change",
        "https://leetcode.com/problems/longest-increasing-subsequence/": "Longest Increasing Subsequence",
        "https://leetcode.com/problems/longest-common-subsequence/": "Longest Common Subsequence",
        "https://leetcode.com/problems/word-break/": "Word Break",
        "https://leetcode.com/problems/house-robber/": "House Robber",
        "https://leetcode.com/problems/house-robber-ii/": "House Robber Ii",
        "https://leetcode.com/problems/decode-ways/": "Decode Ways",
        "https://leetcode.com/problems/unique-paths/": "Unique Paths",
        "https://leetcode.com/problems/jump-game/": "Jump Game",
        "https://leetcode.com/problems/clone-graph/": "Clone Graph",
        "https://leetcode.com/problems/course-schedule/": "Course Schedule",
        "https://leetcode.com/problems/pacific-atlantic-water-flow/": "Pacific Atlantic Water Flow",
        "https://leetcode.com/problems/number-of-islands/": "Number Of Islands",
        "https://leetcode.com/problems/longest-consecutive-sequence/": "Longest Consecutive Sequence",
        "https://leetcode.com/problems/alien-dictionary/": "Alien Dictionary",
        "https://leetcode.com/problems/graph-valid-tree/": "Graph Valid Tree",
        "https://leetcode.com/problems/number-of-connected-components-in-an-undirected-graph/": "Number Of Connected Components In An Undirected Graph",
        "https://leetcode.com/problems/insert-interval/": "Insert Interval",
        "https://leetcode.com/problems/merge-intervals/": "Merge Intervals",
        "https://leetcode.com/problems/non-overlapping-intervals/": "Non Overlapping Intervals",
        "https://leetcode.com/problems/meeting-rooms/": "Meeting Rooms",
        "https://leetcode.com/problems/meeting-rooms-ii/": "Meeting Rooms Ii",
        "https://leetcode.com/problems/reverse-linked-list/": "Reverse Linked List",
        "https://leetcode.com/problems/linked-list-cycle/": "Linked List Cycle",
        "https://leetcode.com/problems/merge-two-sorted-lists/": "Merge Two Sorted Lists",
        "https://leetcode.com/problems/merge-k-sorted-lists/": "Merge K Sorted Lists",
        "https://leetcode.com/problems/remove-nth-node-from-end-of-list/": "Remove Nth Node From End Of List",
        "https://leetcode.com/problems/reorder-list/": "Reorder List",
        "https://leetcode.com/problems/set-matrix-zeroes/": "Set Matrix Zeroes",
        "https://leetcode.com/problems/spiral-matrix/": "Spiral Matrix",
        "https://leetcode.com/problems/rotate-image/": "Rotate Image",
        "https://leetcode.com/problems/word-search/": "Word Search",
        "https://leetcode.com/problems/longest-substring-without-repeating-characters/": "Longest Substring Without Repeating Characters",
        "https://leetcode.com/problems/longest-repeating-character-replacement/": "Longest Repeating Character Replacement",
        "https://leetcode.com/problems/minimum-window-substring/": "Minimum Window Substring",
        "https://leetcode.com/problems/valid-anagram/": "Valid Anagram",
        "https://leetcode.com/problems/group-anagrams/": "Group Anagrams",
        "https://leetcode.com/problems/valid-parentheses/": "Valid Parentheses",
        "https://leetcode.com/problems/valid-palindrome/": "Valid Palindrome",
        "https://leetcode.com/problems/longest-palindromic-substring/": "Longest Palindromic Substring",
        "https://leetcode.com/problems/palindromic-substrings/": "Palindromic Substrings",
        "https://leetcode.com/problems/encode-and-decode-strings/": "Encode And Decode Strings",
        "https://leetcode.com/problems/maximum-depth-of-binary-tree/": "Maximum Depth Of Binary Tree",
        "https://leetcode.com/problems/same-tree/": "Same Tree",
        "https://leetcode.com/problems/invert-binary-tree/": "Invert Binary Tree",
        "https://leetcode.com/problems/binary-tree-maximum-path-sum/": "Binary Tree Maximum Path Sum",
        "https://leetcode.com/problems/binary-tree-level-order-traversal/": "Binary Tree Level Order Traversal",
        "https://leetcode.com/problems/serialize-and-deserialize-binary-tree/": "Serialize And Deserialize Binary Tree",
        "https://leetcode.com/problems/subtree-of-another-tree/": "Subtree Of Another Tree",
        "https://leetcode.com/problems/construct-binary-tree-from-preorder-and-inorder-traversal/": "Construct Binary Tree From Preorder And Inorder Traversal",
        "https://leetcode.com/problems/validate-binary-search-tree/": "Validate Binary Search Tree",
        "https://leetcode.com/problems/kth-smallest-element-in-a-bst/": "Kth Smallest Element In A Bst",
        "https://leetcode.com/problems/lowest-common-ancestor-of-a-binary-search-tree/": "Lowest Common Ancestor Of A Binary Search Tree",
        "https://leetcode.com/problems/implement-trie-prefix-tree/": "Implement Trie Prefix Tree",
        "https://leetcode.com/problems/word-search-ii/": "Word Search Ii",
        "https://leetcode.com/problems/top-k-frequent-elements/": "Top K Frequent Elements",
        "https://leetcode.com/problems/find-median-from-data-stream/": "Find Median From Data Stream",
        "https://leetcode.com/problems/valid-sudoku/": "Valid Sudoku",
        "https://leetcode.com/problems/two-sum-ii-input-array-is-sorted/": "Two Sum Ii Input Array Is Sorted",
        "https://leetcode.com/problems/trapping-rain-water/": "Trapping Rain Water",
        "https://leetcode.com/problems/permutation-in-string/": "Permutation In String",
        "https://leetcode.com/problems/sliding-window-maximum/": "Sliding Window Maximum",
        "https://leetcode.com/problems/min-stack/": "Min Stack",
        "https://leetcode.com/problems/evaluate-reverse-polish-notation/": "Evaluate Reverse Polish Notation",
        "https://leetcode.com/problems/generate-parentheses/": "Generate Parentheses",
        "https://leetcode.com/problems/daily-temperatures/": "Daily Temperatures",
        "https://leetcode.com/problems/car-fleet/": "Car Fleet",
        "https://leetcode.com/problems/largest-rectangle-in-histogram/": "Largest Rectangle In Histogram",
        "https://leetcode.com/problems/binary-search/": "Binary Search",
        "https://leetcode.com/problems/search-a-2d-matrix/": "Search A 2d Matrix",
        "https://leetcode.com/problems/koko-eating-bananas/": "Koko Eating Bananas",
        "https://leetcode.com/problems/time-based-key-value-store/": "Time Based Key Value Store",
        "https://leetcode.com/problems/median-of-two-sorted-arrays/": "Median Of Two Sorted Arrays",
        "https://leetcode.com/problems/copy-list-with-random-pointer/": "Copy List With Random Pointer",
        "https://leetcode.com/problems/add-two-numbers/": "Add Two Numbers",
        "https://leetcode.com/problems/find-the-duplicate-number/": "Find The Duplicate Number",
        "https://leetcode.com/problems/lru-cache/": "Lru Cache",
        "https://leetcode.com/problems/reverse-nodes-in-k-group/": "Reverse Nodes In K Group",
        "https://leetcode.com/problems/diameter-of-binary-tree/": "Diameter Of Binary Tree",
        "https://leetcode.com/problems/balanced-binary-tree/": "Balanced Binary Tree",
        "https://leetcode.com/problems/binary-tree-right-side-view/": "Binary Tree Right Side View",
        "https://leetcode.com/problems/count-good-nodes-in-binary-tree/": "Count Good Nodes In Binary Tree",
        "https://leetcode.com/problems/design-add-and-search-words-data-structure/": "Design Add And Search Words Data Structure",
        "https://leetcode.com/problems/kth-largest-element-in-a-stream/": "Kth Largest Element In A Stream",
        "https://leetcode.com/problems/last-stone-weight/": "Last Stone Weight",
        "https://leetcode.com/problems/k-closest-points-to-origin/": "K Closest Points To Origin",
        "https://leetcode.com/problems/kth-largest-element-in-an-array/": "Kth Largest Element In An Array",
        "https://leetcode.com/problems/task-scheduler/": "Task Scheduler",
        "https://leetcode.com/problems/design-twitter/": "Design Twitter",
        "https://leetcode.com/problems/subsets/": "Subsets",
        "https://leetcode.com/problems/combination-sum/": "Combination Sum",
        "https://leetcode.com/problems/permutations/": "Permutations",
        "https://leetcode.com/problems/subsets-ii/": "Subsets Ii",
        "https://leetcode.com/problems/combination-sum-ii/": "Combination Sum Ii",
        "https://leetcode.com/problems/palindrome-partitioning/": "Palindrome Partitioning",
        "https://leetcode.com/problems/letter-combinations-of-a-phone-number/": "Letter Combinations Of A Phone Number",
        "https://leetcode.com/problems/n-queens/": "N Queens",
        "https://leetcode.com/problems/max-area-of-island/": "Max Area Of Island",
        "https://leetcode.com/problems/surrounded-regions/": "Surrounded Regions",
        "https://leetcode.com/problems/rotting-oranges/": "Rotting Oranges",
        "https://leetcode.com/problems/walls-and-gates/": "Walls And Gates",
        "https://leetcode.com/problems/course-schedule-ii/": "Course Schedule Ii",
        "https://leetcode.com/problems/redundant-connection/": "Redundant Connection",
        "https://leetcode.com/problems/word-ladder/": "Word Ladder",
        "https://leetcode.com/problems/reconstruct-itinerary/": "Reconstruct Itinerary",
        "https://leetcode.com/problems/min-cost-to-connect-all-points/": "Min Cost To Connect All Points",
        "https://leetcode.com/problems/network-delay-time/": "Network Delay Time",
        "https://leetcode.com/problems/swim-in-rising-water/": "Swim In Rising Water",
        "https://leetcode.com/problems/cheapest-flights-within-k-stops/": "Cheapest Flights Within K Stops",
        "https://leetcode.com/problems/min-cost-climbing-stairs/": "Min Cost Climbing Stairs",
        "https://leetcode.com/problems/partition-equal-subset-sum/": "Partition Equal Subset Sum",
        "https://leetcode.com/problems/best-time-to-buy-and-sell-stock-with-cooldown/": "Best Time To Buy And Sell Stock With Cooldown",
        "https://leetcode.com/problems/coin-change-ii/": "Coin Change Ii",
        "https://leetcode.com/problems/target-sum/": "Target Sum",
        "https://leetcode.com/problems/interleaving-string/": "Interleaving String",
        "https://leetcode.com/problems/longest-increasing-path-in-a-matrix/": "Longest Increasing Path In A Matrix",
        "https://leetcode.com/problems/distinct-subsequences/": "Distinct Subsequences",
        "https://leetcode.com/problems/edit-distance/": "Edit Distance",
        "https://leetcode.com/problems/burst-balloons/": "Burst Balloons",
        "https://leetcode.com/problems/regular-expression-matching/": "Regular Expression Matching",
        "https://leetcode.com/problems/jump-game-ii/": "Jump Game Ii",
        "https://leetcode.com/problems/gas-station/": "Gas Station",
        "https://leetcode.com/problems/hand-of-straights/": "Hand Of Straights",
        "https://leetcode.com/problems/merge-triplets-to-form-target-triplet/": "Merge Triplets To Form Target Triplet",
        "https://leetcode.com/problems/partition-labels/": "Partition Labels",
        "https://leetcode.com/problems/valid-parenthesis-string/": "Valid Parenthesis String",
        "https://leetcode.com/problems/minimum-interval-to-include-each-query/": "Minimum Interval To Include Each Query",
        "https://leetcode.com/problems/happy-number/": "Happy Number",
        "https://leetcode.com/problems/plus-one/": "Plus One",
        "https://leetcode.com/problems/powx-n/": "Powx N",
        "https://leetcode.com/problems/multiply-strings/": "Multiply Strings",
        "https://leetcode.com/problems/detect-squares/": "Detect Squares",
        "https://leetcode.com/problems/single-number/": "Single Number",
        "https://leetcode.com/problems/reverse-integer/": "Reverse Integer"
    },
    "blind75": {
        "https://leetcode.com/problems/two-sum/": "Two Sum",
        "https://leetcode.com/problems/best-time-to-buy-and-sell-stock/": "Best Time To Buy And Sell Stock",
        "https://leetcode.com/problems/contains-duplicate/": "Contains Duplicate",
        "https://leetcode.com/problems/product-of-array-except-self/": "Product Of Array Except Self",
        "https://leetcode.com/problems/maximum-subarray/": "Maximum Subarray",
        "https://leetcode.com/problems/maximum-product-subarray/": "Maximum Product Subarray",
        "https://leetcode.com/problems/find-minimum-in-rotated-sorted-array/": "Find Minimum In Rotated Sorted Array",
        "https://leetcode.com/problems/search-in-rotated-sorted-array/": "Search In Rotated Sorted Array",
        "https://leetcode.com/problems/3sum/": "3 sum",
        "https://leetcode.com/problems/container-with-most-water/": "Container With Most Water",
        "https://leetcode.com/problems/sum-of-two-integers/": "Sum Of Two Integers",
        "https://leetcode.com/problems/number-of-1-bits/": "Number Of 1 Bits",
        "https://leetcode.com/problems/counting-bits/": "Counting Bits",
        "https://leetcode.com/problems/missing-number/": "Missing Number",
        "https://leetcode.com/problems/reverse-bits/": "Reverse Bits",
        "https://leetcode.com/problems/climbing-stairs/": "Climbing Stairs",
        "https://leetcode.com/problems/coin-change/": "Coin Change",
        "https://leetcode.com/problems/longest-increasing-subsequence/": "Longest Increasing Subsequence",
        "https://leetcode.com/problems/longest-common-subsequence/": "Longest Common Subsequence",
        "https://leetcode.com/problems/word-break/": "Word Break",
        "https://leetcode.com/problems/combination-sum-iv/": "Combination Sum Iv",
        "https://leetcode.com/problems/house-robber/": "House Robber",
        "https://leetcode.com/problems/house-robber-ii/": "House Robber Ii",
        "https://leetcode.com/problems/decode-ways/": "Decode Ways",
        "https://leetcode.com/problems/unique-paths/": "Unique Paths",
        "https://leetcode.com/problems/jump-game/": "Jump Game",
        "https://leetcode.com/problems/clone-graph/": "Clone Graph",
        "https://leetcode.com/problems/course-schedule/": "Course Schedule",
        "https://leetcode.com/problems/pacific-atlantic-water-flow/": "Pacific Atlantic Water Flow",
        "https://leetcode.com/problems/number-of-islands/": "Number Of Islands",
        "https://leetcode.com/problems/longest-consecutive-sequence/": "Longest Consecutive Sequence",
        "https://leetcode.com/problems/alien-dictionary/": "Alien Dictionary",
        "https://leetcode.com/problems/graph-valid-tree/": "Graph Valid Tree",
        "https://leetcode.com/problems/number-of-connected-components-in-an-undirected-graph/": "Number Of Connected Components In An Undirected Graph",
        "https://leetcode.com/problems/insert-interval/": "Insert Interval",
        "https://leetcode.com/problems/merge-intervals/": "Merge Intervals",
        "https://leetcode.com/problems/non-overlapping-intervals/": "Non Overlapping Intervals",
        "https://leetcode.com/problems/meeting-rooms/": "Meeting Rooms",
        "https://leetcode.com/problems/meeting-rooms-ii/": "Meeting Rooms Ii",
        "https://leetcode.com/problems/reverse-linked-list/": "Reverse Linked List",
        "https://leetcode.com/problems/linked-list-cycle/": "Linked List Cycle",
        "https://leetcode.com/problems/merge-two-sorted-lists/": "Merge Two Sorted Lists",
        "https://leetcode.com/problems/merge-k-sorted-lists/": "Merge K Sorted Lists",
        "https://leetcode.com/problems/remove-nth-node-from-end-of-list/": "Remove Nth Node From End Of List",
        "https://leetcode.com/problems/reorder-list/": "Reorder List",
        "https://leetcode.com/problems/set-matrix-zeroes/": "Set Matrix Zeroes",
        "https://leetcode.com/problems/spiral-matrix/": "Spiral Matrix",
        "https://leetcode.com/problems/rotate-image/": "Rotate Image",
        "https://leetcode.com/problems/word-search/": "Word Search",
        "https://leetcode.com/problems/longest-substring-without-repeating-characters/": "Longest Substring Without Repeating Characters",
        "https://leetcode.com/problems/longest-repeating-character-replacement/": "Longest Repeating Character Replacement",
        "https://leetcode.com/problems/minimum-window-substring/": "Minimum Window Substring",
        "https://leetcode.com/problems/valid-anagram/": "Valid Anagram",
        "https://leetcode.com/problems/group-anagrams/": "Group Anagrams",
        "https://leetcode.com/problems/valid-parentheses/": "Valid Parentheses",
        "https://leetcode.com/problems/valid-palindrome/": "Valid Palindrome",
        "https://leetcode.com/problems/longest-palindromic-substring/": "Longest Palindromic Substring",
        "https://leetcode.com/problems/palindromic-substrings/": "Palindromic Substrings",
        "https://leetcode.com/problems/encode-and-decode-strings/": "Encode And Decode Strings",
        "https://leetcode.com/problems/maximum-depth-of-binary-tree/": "Maximum Depth Of Binary Tree",
        "https://leetcode.com/problems/same-tree/": "Same Tree",
        "https://leetcode.com/problems/invert-binary-tree/": "Invert Binary Tree",
        "https://leetcode.com/problems/binary-tree-maximum-path-sum/": "Binary Tree Maximum Path Sum",
        "https://leetcode.com/problems/binary-tree-level-order-traversal/": "Binary Tree Level Order Traversal",
        "https://leetcode.com/problems/serialize-and-deserialize-binary-tree/": "Serialize And Deserialize Binary Tree",
        "https://leetcode.com/problems/subtree-of-another-tree/": "Subtree Of Another Tree",
        "https://leetcode.com/problems/construct-binary-tree-from-preorder-and-inorder-traversal/": "Construct Binary Tree From Preorder And Inorder Traversal",
        "https://leetcode.com/problems/validate-binary-search-tree/": "Validate Binary Search Tree",
        "https://leetcode.com/problems/kth-smallest-element-in-a-bst/": "Kth Smallest Element In A Bst",
        "https://leetcode.com/problems/lowest-common-ancestor-of-a-binary-search-tree/": "Lowest Common Ancestor Of A Binary Search Tree",
        "https://leetcode.com/problems/implement-trie-prefix-tree/": "Implement Trie Prefix Tree",
        "https://leetcode.com/problems/add-and-search-word-data-structure-design/": "Add And Search Word Data Structure Design",
        "https://leetcode.com/problems/word-search-ii/": "Word Search Ii",
        "https://leetcode.com/problems/top-k-frequent-elements/": "Top K Frequent Elements",
        "https://leetcode.com/problems/find-median-from-data-stream/": "Find Median From Data Stream"
    }
}